title,authors,year,journal,doi,pmid,pmcid,abstract,url
"Choroidal neovascular membrane formation and retinochoroidopathy in a patient with systemic Langerhans cell histiocytosis: a case report and review of the literature","Aristomenis Thanos; Demetrios Vavvas; Lucy H Young; C Stephen Foster",2012,"Case Reports in Ophthalmology",10.1159/000338189,23002392,PMC3448115,"Bilateral atrophic retinochoroidopathy with choroidal neovascular membrane formation in systemic Langerhans cell histiocytosis; keywords include choroidal neovascular membrane and intraocular involvement.",https://pubmed.ncbi.nlm.nih.gov/23002392/
"Langerhans cell histiocytosis of the uvea with neovascular glaucoma: diagnosis by fine-needle aspiration biopsy and management with intraocular bevacizumab and brachytherapy","Carol L Shields; Michael D Hogarty; Brad E Kligman; Colleen Christian; Hormoz Ehya; Jerry A Shields",2010,"Journal of AAPOS",10.1016/j.jaapos.2010.10.007,21168078,,"Known multisystem Langerhans cell histiocytosis with photophobia, conjunctival injection, iris neovascularization, and an iridociliochoroidal mass; fine-needle aspiration biopsy showed histiocytes positive for CD68 and S100.",https://pubmed.ncbi.nlm.nih.gov/21168078/
"Anterior uveitis and iris nodules that are associated with Langerhans cell histiocytosis","Julie H Tsai; Farah Galaydh; Steven S T Ching",2005,"American Journal of Ophthalmology",10.1016/j.ajo.2005.06.059,16376670,,"Interventional case report of Langerhans cell histiocytosis involving the anterior uveal tract with unilateral anterior segment inflammation and iris nodules.",https://pubmed.ncbi.nlm.nih.gov/16376670/
"Langerhans cell histiocytosis with hemorrhagic uveitis and exudative retinal detachment","Ranju Kharel Sitaula; Anadi Khatri",2018,"International Medical Case Reports Journal",10.2147/IMCRJ.S162038,29618940,PMC5875406,"Bilateral intraocular involvement in Langerhans cell histiocytosis with exudative retinal detachment, hemorrhagic iris nodules, hyphema, hypopyon, and uveitis.",https://pubmed.ncbi.nlm.nih.gov/29618940/
"Langerhans Cell Histiocytosis of the Uvea with a Ciliochoroidal Mass: A Case Report of Management with Systemic Therapy","Fariba Ghassemi; Hamid Riazi-Esfahani; Nazanin Ebrahimiadib; Abdulrahim Amini; Zahra Mahdizad",2023,"Case Reports in Ophthalmological Medicine",10.1155/2023/5543131,37694161,PMC10491478,"Known multisystem Langerhans cell histiocytosis with loss of vision, ocular pain, panuveitis, and a ciliochoroidal mass that resolved after systemic corticosteroid and methotrexate therapy.",https://pubmed.ncbi.nlm.nih.gov/37694161/
"Choroidal Mass in a Patient with Undiagnosed Pulmonary Langerhans' Cell Histiocytosis","Gagan Kalra; Roxana Fu; Carlos A Medina Mendez; Marie-Hélène Errera; Evan L Waxman",2024,"Ocular Immunology and Inflammation",10.1080/09273948.2023.2192284,37043645,,"Undiagnosed pulmonary Langerhans cell histiocytosis presenting with a choroidal mass, serous retinal detachment, choroidal elevation on OCT, and S-100/CD1a-positive lung biopsy.",https://pubmed.ncbi.nlm.nih.gov/37043645/
"Bilateral choroidal osteoma associated with Langerhans cell histiocytosis, a coincidence?","Pejvak Azadi; Alireza Khodabande; Mohammd Riazi Esfahani; Fariba Ghassemi; Negar Aliabadi",2018,"Journal of Current Ophthalmology",10.1016/j.joco.2018.02.004,30899858,PMC6407095,"Case of bilateral choroidal osteoma in a patient with pathology-proven Langerhans cell histiocytosis; likely association rather than confirmed choroidal LCH infiltration, included for human screening.",https://pubmed.ncbi.nlm.nih.gov/30899858/
"Choroidal Langerhans' cell histiocytosis","I T Kim; S M Lee",2000,"Acta Ophthalmologica Scandinavica",10.1034/j.1600-0420.2000.078001097.x,10726800,,"Solitary choroidal tumor in a 49-year-old man with choroid infiltrated by histiocytes; S-100 and CD68 staining and electron microscopy supported Langerhans cell histiocytosis.",https://pubmed.ncbi.nlm.nih.gov/10726800/
"Presumed choroidal Langerhans cell histiocytosis following a previously resected solitary central nervous system lesion in an adult","N Patton; T Lai; P Robbins; D Holthouse; C Barry; I Constable",2006,"Archives of Ophthalmology",10.1001/archopht.124.8.1193,,,"Presumed choroidal Langerhans cell histiocytosis with posterior pole choroidal mass after a previously resected solitary central nervous system lesion; cited in later review articles and requires full-text confirmation.",https://doi.org/10.1001/archopht.124.8.1193
